Left value; Right value; Expected result
5.0; 1.0; 5.0
10.4; 23.4; 23.4
1.213421452151; 1.213421452150; 1.213421452151
