First operator; Second operator; Init; Left array; Right array; Expected result
DoubleSumOfTwo; DoubleSumOfTwo; 10.0; [-0.13449151637833778]; [-0.5325767133316968, -0.31901758373676126]; 9.332931770289965
DoubleProductOfTwo; DoubleSumOfTwo; 10.0; [0.6569188831051265, -0.9124107047523857, 0.18163986183490888, 0.6528613843385844, 0.993874788470025, 0.15762205352531433, -0.15661666526537288, -0.3961455904502946, -0.9557070869474049]; [-0.49812398229718235, -0.8095068818409641, 0.955450708188748, -0.36933497488995837, -0.8892739300149248, 0.9763238234683576, -0.4763708813792451]; 9.688469931844454
DoubleSumOfTwo; DoubleSumOfTwo; 10.0; [-0.5920820038875019, -0.7931137127536971]; [0.8402530739382437, -0.37505611681641216, 0.7954300501206983, 0.13673385335314525, -0.5300354810095758]; 9.080001240480632
